{
  "train_loss": [
    0.567829004470134,
    0.43491412409199964,
    0.259442395311874,
    0.20159897400728807,
    0.17035485644068493,
    0.15468966585877758,
    0.15120892346705367,
    0.14562338520616494,
    0.1399990499969697,
    0.13287241949431047,
    0.13236204889796724,
    0.13216932062934708,
    0.12795876859118474,
    0.12444302604702495,
    0.12598562053085974,
    0.12395570119655372,
    0.12195595728871006,
    0.12064847697647627,
    0.11940290141325668,
    0.11768896572741887,
    0.1184379942715168,
    0.11623855575219097,
    0.11394529629673734,
    0.11513592901595887,
    0.11426012988058512,
    0.11251181206547174,
    0.11311081716878302,
    0.10921895929030924,
    0.11062517095882221,
    0.11012902500845442,
    0.10830089899917576,
    0.10680709341728448,
    0.10675012852821573,
    0.10876062729914716,
    0.10611446681838707,
    0.10568593959980363,
    0.106131637981474,
    0.10376399590465046,
    0.10560647131962664,
    0.10415911208213176,
    0.10361347762530282,
    0.1021713638215657,
    0.10139860860353349,
    0.10090091196982652,
    0.0999833339162721,
    0.09855093494457687,
    0.10046257706196517,
    0.09832903597778922,
    0.09737396422748598,
    0.09878017415836353,
    0.09863100630925006,
    0.0967230156764088,
    0.09721096030017673,
    0.09373344763513379,
    0.09557710460468427,
    0.09469159184986313,
    0.09554752109934819,
    0.09521767098281607,
    0.0952837030659586,
    0.09253918080771929,
    0.09060297190092954,
    0.09145372928488975,
    0.09231551735343149,
    0.09275974455795832,
    0.09107614312345949,
    0.09107040366370406,
    0.08918382827467566,
    0.0908217801643698,
    0.09000988464627489,
    0.09271047841882546,
    0.09119010316645539,
    0.08979282459406644,
    0.08951518419604973,
    0.09048344676176574,
    0.08879059590649285,
    0.0894054882478394,
    0.08746300625221042,
    0.0881968123600787,
    0.0890399530004935,
    0.08813520460920846,
    0.08677077268394048,
    0.08831253010254578,
    0.08807664835863066,
    0.08499816466347883,
    0.08637702697575492,
    0.0866822613490708,
    0.0860987228885193
  ],
  "val_loss": [
    0.5174856387280129,
    0.31180584027960495,
    0.22833090174842524,
    0.19497105277873375,
    0.16819248489431432,
    0.16311470096981204,
    0.1604282231749715,
    0.15577194658485619,
    0.149405477820216,
    0.14414741219700994,
    0.14225776493549347,
    0.13908651672505043,
    0.1385895060123624,
    0.1382099104088706,
    0.1352783389188148,
    0.1311623840718656,
    0.13399175856564496,
    0.12924001003439362,
    0.13007370825554873,
    0.12938000503424052,
    0.12921512207469424,
    0.12658446825839378,
    0.12661360083399592,
    0.12680576540328362,
    0.12850228636651426,
    0.12354507095910408,
    0.12779969339435165,
    0.1233391149623974,
    0.12832161945265694,
    0.12902259987753792,
    0.12269666488911654,
    0.12224870517447188,
    0.12566195750558698,
    0.12176761776208878,
    0.1196463303388776,
    0.12069957642941861,
    0.12172178722716667,
    0.1198881498059711,
    0.1196715501514641,
    0.12072396963029294,
    0.11982652625522099,
    0.12039316526135883,
    0.11888257696016415,
    0.120152823224261,
    0.12057254926578419,
    0.12098945032905888,
    0.12055948316245466,
    0.1187148831180624,
    0.12169010413659585,
    0.12346340172194145,
    0.12065775491095879,
    0.11898830392070718,
    0.12047332625936817,
    0.13061913606282827,
    0.11889038698093311,
    0.11842459500641436,
    0.11875943577772863,
    0.1162285766488797,
    0.1183065405568561,
    0.11513621984301387,
    0.11488909546185185,
    0.11531928453493763,
    0.11465072823134628,
    0.11514869584022341,
    0.11451722752000834,
    0.11743058526032679,
    0.11375719862612518,
    0.11501217643554146,
    0.1153367374193024,
    0.11523237834508354,
    0.11644851094162142,
    0.11236753767809353,
    0.11463889972986402,
    0.11321320102826969,
    0.11481343260085261,
    0.114794720769734,
    0.11361025978584548,
    0.11686575593980583,
    0.11318081738175573,
    0.11383290890906309,
    0.11567446468649684,
    0.11551415950462625,
    0.11591186535519522,
    0.11685534385410515,
    0.11659668768579895,
    0.11374472101797929,
    0.11665747475785178
  ],
  "val_iou": [
    0.26737688225674283,
    0.5027642363760059,
    0.5674971720501231,
    0.5950792025164184,
    0.6393831713350888,
    0.6518926839149487,
    0.6541823655320104,
    0.6486456208435619,
    0.6527519070764902,
    0.6660325114391304,
    0.6698726441184761,
    0.6714595669576277,
    0.6785872919217192,
    0.6739361969846098,
    0.6759379920320626,
    0.6840764801161914,
    0.6820931209648893,
    0.6885849658596,
    0.6854205693462857,
    0.688077319670478,
    0.6837136900496077,
    0.6928992151089199,
    0.6894755310049664,
    0.6943749733139865,
    0.6894580892652098,
    0.697381766998219,
    0.6841921162693119,
    0.6988471824699917,
    0.6835979167003755,
    0.6810000116499495,
    0.6976130814412674,
    0.6994609991508054,
    0.6956399294323838,
    0.699409482652007,
    0.7057648562071839,
    0.70436054161602,
    0.7015428029391146,
    0.7081706077875651,
    0.7050817311166279,
    0.7032963463920511,
    0.7068070775930949,
    0.7052538673236107,
    0.7103211948027199,
    0.7063634392042973,
    0.703644456833718,
    0.7042941396247366,
    0.703292349734483,
    0.709114596434548,
    0.7014544360928129,
    0.6958696842540048,
    0.706478077249614,
    0.7091154830299261,
    0.7048984881882336,
    0.6782057268890893,
    0.7092834723056352,
    0.7134003156156749,
    0.7113161866382656,
    0.7184368429758472,
    0.7135016806910773,
    0.7229390975532426,
    0.7232598407427935,
    0.7241293058901285,
    0.7243745241095424,
    0.7240026602030825,
    0.7236612788062102,
    0.715367407542885,
    0.7258388655068976,
    0.7230911610806614,
    0.722863467077545,
    0.721554637236872,
    0.7192428292134537,
    0.7307798106210274,
    0.7255252249455717,
    0.7289048638410036,
    0.7248783338647792,
    0.7254484243996251,
    0.7285683632622718,
    0.715305616348711,
    0.7282735724360687,
    0.7271960245368757,
    0.7218717364530194,
    0.7221829316962622,
    0.7205548549081274,
    0.7182671399537708,
    0.7173365613869301,
    0.7273094428556657,
    0.7177265472917052
  ],