{
  "train_loss": [
    0.19424577850387448,
    0.12038674265345602,
    0.10651409039180414,
    0.10201598150051358,
    0.09562505072101103,
    0.09362893360339877,
    0.08888784549308062,
    0.08781310766748461,
    0.08422188823388571,
    0.08528859714936951,
    0.08495460673668313,
    0.08081358969896832,
    0.07791752878726027,
    0.07728086911254005,
    0.07734694220997816,
    0.07593466365167927,
    0.07299905126746183,
    0.07204973273739268,
    0.07031581606591326,
    0.0706590206602146,
    0.06813551866788928,
    0.06827949090895047,
    0.06799627263971096,
    0.06533494022017637,
    0.06529747135002777,
    0.06452502363227482,
    0.06433612892846499,
    0.06314136841985393,
    0.06228870515054385,
    0.061264000683524535,
    0.06236378865061097,
    0.061491221581962595,
    0.06031967571198342,
    0.05971024032171355,
    0.05931716231024983,
    0.061336542844124466,
    0.058926538392951255,
    0.058277276799356854,
    0.05800406942548959,
    0.05759933720152813,
    0.058031695894896984,
    0.057556000301446204,
    0.057460706494125637
  ],
  "val_loss": [
    0.14416622082392375,
    0.1253061842918396,
    0.11545420954624812,
    0.11196049739917119,
    0.11554650217294693,
    0.1087864268819491,
    0.1044229577978452,
    0.10351300179958343,
    0.10186604271332422,
    0.11783468296130498,
    0.10827712635199228,
    0.1066295670469602,
    0.1049506010611852,
    0.11139731099208196,
    0.0995989582935969,
    0.11863802095254262,
    0.10129643688599269,
    0.1034393392999967,
    0.10098811785380045,
    0.10210096736749014,
    0.10427806893984477,
    0.1044385219613711,
    0.10295805960893631,
    0.10035050963362058,
    0.10032682960232099,
    0.10127180606126786,
    0.09909645840525627,
    0.09739362602432569,
    0.09973211218913396,
    0.09897751818100611,
    0.0993504855533441,
    0.10391445224483808,
    0.10055850153168043,
    0.09880270938078563,
    0.0985102420548598,
    0.09836650451024373,
    0.10447360848387083,
    0.0982712073624134,
    0.10087699914971987,
    0.0992023012538751,
    0.09777709071834882,
    0.09883018637696903,
    0.09846041277050972
  ],
  "val_iou": [
    0.6519005638696836,
    0.6794586882257094,
    0.7075322705689283,
    0.7142591213288833,
    0.7090139709510902,
    0.7176182056770748,
    0.7271380258408355,
    0.7291341314903671,
    0.7339192994989016,
    0.6891131460280607,
    0.7235460704059512,
    0.7238949724487442,
    0.7277521540365528,
    0.7097433826909423,
    0.7397215232236772,
    0.7036881739766035,
    0.7372985256986325,
    0.7363434596451366,
    0.7434676264418281,
    0.7368171800622515,
    0.7371357052233991,
    0.7311343673269904,
    0.7405581985421853,
    0.7471689288878633,
    0.7464240923299428,
    0.7452363623369931,
    0.7531031001393486,
    0.7573204676497254,
    0.750589585700216,
    0.7566903016404218,
    0.7575204378736083,
    0.7498187074793261,
    0.7523949426632675,
    0.7551283295874722,
    0.7626195039071872,
    0.7591510207419714,
    0.7449743536722067,
    0.7587815780523862,
    0.759741634598372,
    0.7612194540517399,
    0.7618819900913892,
    0.7608581804834672,
    0.7598119722693438
  ],
  "val_f1": [
    0.7892733716883836,
    0.8091401032835577,
    0.8287190617289915,
    0.8333152350680728,
    0.8297345522067487,
    0.8355968786371755,
    0.8420149576486077,
    0.8433517310330519,
    0.8465437805681065,
    0.8159466968195778,
    0.8396016594271049,
    0.8398365144257852,
    0.8424265625556342,
    0.8302338115488263,
    0.8503907244338561,
    0.8260762558844493,
    0.8487873728001206,
    0.8481541547035009,
    0.8528608333945848,
    0.8484683229997096,
    0.8486794704718846,
    0.8446881780250488,
    0.8509433343423325,
    0.8552909985223508,
    0.8548027888622655,
    0.8540234187409088,
    0.8591657844646865,
    0.8619036556975639,
    0.8575277630250367,
    0.8614953938480948,
    0.8620331480072214,
    0.8570244497608163,
    0.8587047638014605,
    0.8604821845305849,
    0.8653251620292337,
    0.8630879461636878,
    0.8538513498544518,
    0.862849130922368,
    0.8634695226402015,
    0.864423172592752,
    0.8648501935726923,
    0.8641901873943799,
    0.8635149484629744
  ],
  "config": {
    "model": "DeepLabV3-MobileNetV3-Large",
    "num_classes": 2,
    "pretrained": true,
    "epochs": 150,
    "batch_size": 1,
    "learning_rate": 0.0001,
    "optimizer": "AdamW",
    "weight_decay": 0.0001,
    "loss_function": "CombinedLoss",
    "dice_weight": 0.6,
    "focal_weight": 0.4,
    "focal_alpha": 0.25,
    "focal_gamma": 2.0,
    "scheduler": "CosineAnnealingLR with warmup",
    "warmup_epochs": 5,
    "patience": 15,
    "early_stopping": true,
    "img_height": 2784,
    "img_width": 3712,
    "img_resolution": "3712x2784",
    "num_train_images": 299,
    "num_val_images": 75,
    "train_val_split": "80/20",
    "augmentation": true,
    "use_amp": true,
    "num_workers": 12,
    "pin_memory": true,
    "prefetch_factor": 2,
    "device": "cuda",
    "cuda_available": true,
    "gpu_name": "NVIDIA GeForce RTX 3080",
    "pytorch_version": "2.7.1+cu118",
    "python_version": "3.13.7",
    "platform": "Windows",
    "training_start_time": "2025-11-21T03:13:08.149351",
    "data_dir": "dataset",
    "training_end_time": "2025-11-21T04:30:21.241774"
  },
  "results": {
    "best_val_loss": 0.09739362602432569,
    "best_val_f1": 0.8653251620292337,
    "best_val_iou": 0.7573204676497254,
    "final_epoch": 43,
    "total_training_time_seconds": 4633.09,
    "early_stopped": true,
    "best_epoch": 28,
    "avg_epoch_time_seconds": 107.75,
    "total_training_time_formatted": "77m 13s"
  },
  "epoch_times": [
    113.15,
    189.56,
    105.82,
    105.89,
    106.57,
    106.18,
    105.62,
    106.15,
    106.22,
    105.81,
    105.14,
    105.37,
    105.02,
    105.26,
    106.23,
    105.35,
    105.84,
    106.27,
    105.7,
    106.41,
    105.58,
    105.6,
    105.94,
    105.97,
    106.08,
    105.15,
    105.71,
    105.58,
    105.14,
    105.24,
    105.64,
    105.95,
    105.17,
    105.19,
    105.25,
    105.31,
    105.52,
    105.73,
    105.21,
    105.1,
    105.31,
    105.32,
    104.82
  ]
}