{
  "train_loss": [
    0.5614631101489067,
    0.4861736409366131,
    0.40805282071232796,
    0.34146832674741745,
    0.3113801032304764,
    0.2944938614964485,
    0.284863768145442,
    0.2730942592024803,
    0.2680437806993723,
    0.26027533411979675,
    0.25619205459952354,
    0.2596774958074093,
    0.2526715751737356,
    0.24893337860703468,
    0.2460484392940998,
    0.2490763384848833,
    0.2534691821783781,
    0.24455677904188633,
    0.2430106196552515,
    0.2448062188923359
  ],
  "val_loss": [
    0.5615573724110922,
    0.48416651288668316,
    0.4295942485332489,
    0.40861112872759503,
    0.39865978558858234,
    0.3992583354314168,
    0.39181212584177655,
    0.38313106695810956,
    0.3834121326605479,
    0.38083895047505695,
    0.38450534145037335,
    0.38285931944847107,
    0.3792412479718526,
    0.37741029262542725,
    0.3752916256586711,
    0.37630462646484375,
    0.37378397583961487,
    0.37403244773546857,
    0.3741958737373352,
    0.3741625448067983
  ],
  "val_iou": [
    0.05487953004571454,
    0.14076101588441173,
    0.2092155844155844,
    0.22159303575093875,
    0.22802296807053793,
    0.22263918299514837,
    0.23344635803090835,
    0.24169166380138246,
    0.24301303358992302,
    0.24638788249159718,
    0.24224798135353368,
    0.2438769687900352,
    0.24798185174906182,
    0.24960476931803097,
    0.25159846166668653,
    0.2509252321594805,
    0.25412938533897567,
    0.2535958883499236,
    0.25344637195882164,
    0.25354738354489
  ],
  "val_f1": [
    0.10404890507892645,
    0.24678440781969077,
    0.3460352101179685,
    0.3627935478769669,
    0.37136596627147167,
    0.36419441825795285,
    0.3785269728366388,
    0.389294171568253,
    0.3910064126810989,
    0.3953630903391879,
    0.3900154960840977,
    0.3921239397611217,
    0.3974125928217822,
    0.399493944720221,
    0.4020434178732472,
    0.40118342121264366,
    0.40526820965970384,
    0.40458953432549205,
    0.40439922700920766,
    0.4045278014587478
  ]
}