{
  "train_loss": [
    0.6013025681444463,
    0.5211748152771252,
    0.35029747732133676,
    0.25929964868814354,
    0.21728510649612287,
    0.2029991914461923,
    0.19161182161945625,
    0.17912453648027957,
    0.17407080481116405,
    0.17152718669616135,
    0.16474074935353042,
    0.16496784375017923,
    0.1628701476342726,
    0.16203402392816224,
    0.15719469936702074,
    0.1551427878189407,
    0.15692683650593228,
    0.1536167911285122,
    0.15212724872883535,
    0.15009518840268954,
    0.14946616811040264,
    0.1491673791268528,
    0.1457114326798876,
    0.14318817498899947,
    0.14403501255500237,
    0.1457181255889419,
    0.14452324042584272,
    0.14161393656426627,
    0.1383474567692552,
    0.1410490048661728,
    0.14010864953766733,
    0.13770735946377652,
    0.13972470421819078,
    0.13568723306759892,
    0.13450640253722668,
    0.13822116817803992,
    0.13489178560624188,
    0.13270541910557138,
    0.13260935926997422,
    0.13228111434102857,
    0.13480948159258638,
    0.1322986317936006,
    0.13153832543316304,
    0.1302114298579677,
    0.13296769259360014,
    0.12855938129477054,
    0.12653771975396463,
    0.12757911058080276,
    0.1287590209519703,
    0.1270774766277747,
    0.12997093036670812,
    0.12714833501201347,
    0.12691149160565945,
    0.12695489286276318,
    0.12614489626764452,
    0.1262936368084594,
    0.1235718182694392,
    0.12481273703227107,
    0.12468100054152059,
    0.12121740456095478,
    0.12399939288879001,
    0.12155369984223538,
    0.12117742152022035,
    0.12038126185336369,
    0.12383584893189821,
    0.11987625510000542,
    0.12275520422114622,
    0.12194759186182245,
    0.12127792585216113,
    0.1201756813582158,
    0.1189556757875737,
    0.12224398573372988,
    0.11978655153472952,
    0.12022386106268672,
    0.11990941465901048,
    0.11731009627848664,
    0.1193015405395687,
    0.11652724685509933,
    0.11720807562838464,
    0.11668774249319662,
    0.11803646560683347,
    0.11740443636757016,
    0.1154223837133422,
    0.11423916332173667,
    0.11459099746390478,
    0.11697107263459455,
    0.1173771400654676,
    0.11609987899561057,
    0.11585449039836059,
    0.116291973464841,
    0.11442248335720709,
    0.11732224320005251,
    0.11498491258529209
  ],
  "val_loss": [
    0.5582162705627648,
    0.4079108141564034,
    0.31781012987768326,
    0.24928874341217247,
    0.22280365188379544,
    0.1908362169523497,
    0.17689023227305026,
    0.1718699042056058,
    0.16740806642416362,
    0.16407884899023417,
    0.1616842690351847,
    0.1594079305996766,
    0.15600997048455315,
    0.15582447297669746,
    0.15678789527029605,
    0.15302762751643723,
    0.15103185942044128,
    0.1479195152988305,
    0.14904207152289314,
    0.1469407381640898,
    0.14485838848191337,
    0.14638747919250178,
    0.14640383804972107,
    0.14276609630198092,
    0.14190041616156296,
    0.14351670061414307,
    0.1452040031955049,
    0.1466234517661301,
    0.1403020684783523,
    0.13948310951928836,
    0.13978729739382462,
    0.14002350496279226,
    0.13757564812093168,
    0.1414896300112879,
    0.14720662481881477,
    0.14146662906214996,
    0.13627000455115293,
    0.1384528408179412,
    0.13815876156897158,
    0.13605535191458626,
    0.14113002733604327,
    0.1345566801122717,
    0.13601450400578008,
    0.13377314564344045,
    0.13406763487570994,
    0.13340045048578367,
    0.13591604216678724,
    0.13300297973123756,
    0.13389050517533277,
    0.13295988033752185,
    0.1344370956759195,
    0.1320790620269002,
    0.13543549562628204,
    0.1326186445516509,
    0.13133567209179337,
    0.13254495387947238,
    0.13637789117323385,
    0.134993011484275,
    0.13154248188476306,
    0.1298180313126461,
    0.1315785666575303,
    0.13026831540706996,
    0.13056249131222028,
    0.12965944791967804,
    0.13475989832265958,
    0.12967746503449776,
    0.12922132115911794,
    0.1303603079270672,
    0.12896138671282176,
    0.1287098583337423,
    0.12913524500421575,
    0.12957477307802923,
    0.1278975444871026,
    0.13064578819919276,
    0.1271797168899227,
    0.12884975828834483,
    0.1276028764408988,
    0.1259570897028253,
    0.12756336440105695,
    0.1305301559937967,
    0.12718494880843806,
    0.12742754877419085,
    0.12660348173734304,
    0.12704358108945796,
    0.12651547447249695,
    0.12660453247057424,
    0.12682394038986516,
    0.12662339069553324,
    0.1269606915680138,
    0.12720368198446325,
    0.1265558697081901,
    0.12648138564986153,
    0.12696070828147837
  ],
  "val_iou": [
    0.17180613535364425,
    0.39520190165705216,
    0.5194406353949576,
    0.5574041851719775,
    0.5669622459822021,
    0.5995896464792999,
    0.6094723940010466,
    0.6162823305802294,
    0.6241170930327732,
    0.6273304462005616,
    0.630287400919188,
    0.6375431299564619,
    0.6421376875724728,
    0.6388917911193798,
    0.6446385301730175,
    0.6500354147857524,
    0.649199447167033,
    0.6534556824963695,
    0.6517282179638926,
    0.6552827949162627,
    0.6606633587979948,
    0.659792786142814,
    0.6539524723961907,
    0.6650401170092758,
    0.6663975987192837,
    0.6608266744133666,
    0.6547491549607364,
    0.6523541161872634,
    0.6707205562360385,
    0.6710602079311233,
    0.6719233348996465,
    0.6715735845515307,
    0.677386788734537,
    0.6671926204248207,
    0.651390884861419,
    0.6686864828582247,
    0.6815614813321236,
    0.6736746037676278,
    0.6757129923162718,
    0.6824208418719778,
    0.6647968957751065,
    0.6860294338696181,
    0.6817710012519312,
    0.6882276750114387,
    0.6880989717454058,
    0.6899032324660639,
    0.6824040665710169,
    0.6901656584083095,
    0.6891964399410037,
    0.6917473261855255,
    0.6880030279012407,
    0.6925293403668116,
    0.6822992064666823,
    0.6901086869314106,
    0.6946039700919059,
    0.6922392551241945,
    0.6795196916605677,
    0.6838635039710029,
    0.6926099301471378,
    0.6983041564121325,
    0.6928491160856364,
    0.6967651947620509,
    0.695794057530073,
    0.6977026014636466,
    0.6851036109311338,
    0.7000351931825247,
    0.700870097797554,
    0.6959875386631611,
    0.7013961881988109,
    0.7011510297920316,
    0.7005406542821776,
    0.6986822851289346,
    0.7013063669027851,
    0.6951351966807899,
    0.7061421664191347,
    0.6998790993809992,
    0.705128701579429,
    0.7089982053401913,
    0.7024867324265887,
    0.692662823748036,
    0.7059157636468407,
    0.7042646280144147,
    0.7069859285184061,
    0.7071252942687771,
    0.7086482932241809,
    0.7071580344846805,
    0.7064440689811726,
    0.7071552901181595,
    0.7067181963202868,
    0.7051276760548926,
    0.7073516022183041,
    0.7070869441112135,
    0.706469081249007
  ],